{
  "pasos": {
    "mes" : "Enero",
    "muestras" : [
      {"dia" : 1, "valor" : 35001},
      {"dia" : 2, "valor" : 35002},
      {"dia" : 3, "valor" : 35003},
      {"dia" : 4, "valor" : 35004},
      {"dia" : 5, "valor" : 35005},
      {"dia" : 6, "valor" : 35006},
      {"dia" : 7, "valor" : 35005},
      {"dia" : 8, "valor" : 35004},
      {"dia" : 9, "valor" : 35003},
      {"dia" : 10, "valor" : 35002}
    ]
  },
  "temperaturas": [
    {"tiempo" : "2022-12-10T20:50:00", "valor" : 30},
    {"tiempo" : "2022-12-11T20:45:00", "valor" : 29},
    {"tiempo" : "2022-12-12T20:40:00", "valor" : 28},
    {"tiempo" : "2022-12-13T20:35:00", "valor" : 27},
    {"tiempo" : "2022-12-14T20:30:00", "valor" : 26},
    {"tiempo" : "2022-12-15T20:25:00", "valor" : 26},
    {"tiempo" : "2022-12-16T20:20:00", "valor" : 27},
    {"tiempo" : "2022-12-17T20:15:00", "valor" : 28},
    {"tiempo" : "2022-12-18T20:10:00", "valor" : 29},
    {"tiempo" : "2022-12-19T20:05:00", "valor" : 30},
    {"tiempo" : "2022-12-20T20:00:00", "valor" : 31}
  ],
  "frecuenciacardiaca": [
    {"tiempo" : "2022-12-10T20:50:00", "valor" : 90},
    {"tiempo" : "2022-12-11T20:45:00", "valor" : 99},
    {"tiempo" : "2022-12-12T20:40:00", "valor" : 98},
    {"tiempo" : "2022-12-13T20:35:00", "valor" : 97},
    {"tiempo" : "2022-12-14T20:30:00", "valor" : 96},
    {"tiempo" : "2022-12-15T20:25:00", "valor" : 96},
    {"tiempo" : "2022-12-16T20:20:00", "valor" : 97},
    {"tiempo" : "2022-12-17T20:15:00", "valor" : 98},
    {"tiempo" : "2022-12-18T20:10:00", "valor" : 99},
    {"tiempo" : "2022-12-19T20:05:00", "valor" : 90},
    {"tiempo" : "2022-12-20T20:00:00", "valor" : 91}
  ]
}